{"max": 0.2004517454188317, "max_step": 26, "min": 0.02850046545790974, "min_step": 12, "num": 17}