{"max": 47329.74712753296, "max_step": 14, "min": 4187.960201263428, "min_step": 20, "num": 21}