{"max": 0.27716967103895307, "max_step": 41, "min": 0.13751184732139368, "min_step": 52, "num": 37}