{"max": 69.0794442340266, "max_step": 14, "min": 56.08149123797193, "min_step": 20, "num": 17}