{"max": 0.1368728367702084, "max_step": 11, "min": 0.09633051276826811, "min_step": 12, "num": 5}