{"max": 23.505497142963577, "max_step": 75, "min": 17.923381537024397, "min_step": 45, "num": 108}