{"max": 49.42750997998519, "max_step": 1, "min": 40.253480245999526, "min_step": 11, "num": 11}