{"max": 0.43678906559944153, "max_step": 53, "min": 0.15424172580242157, "min_step": 65, "num": 15}