{"max": 0.49558562500903264, "max_step": 16, "min": 0.3364778442857695, "min_step": 1, "num": 21}