{"max": 45.07039812501171, "max_step": 10, "min": 44.699544258997776, "min_step": 20, "num": 2}