{"max": 0.3730772310809698, "max_step": 54, "min": -0.2903992775536608, "min_step": 48, "num": 37}