{"max": 60.52584457397461, "max_step": 1, "min": 19.54070472717285, "min_step": 73, "num": 108}