{"max": -0.029296875, "max_step": 29, "min": -0.130859375, "min_step": 33, "num": 27}