{"max": 0.18078887612318995, "max_step": 5, "min": 0.07745274339199065, "min_step": 20, "num": 21}