{"max": 0.02710501762526394, "max_step": 41, "min": 0.016199376924160652, "min_step": 34, "num": 108}