{"max": 70.92274352198001, "max_step": 1, "min": 53.00376864700229, "min_step": 18, "num": 21}