{"max": 47.40314111497719, "max_step": 21, "min": 39.018323877011426, "min_step": 45, "num": 51}