{"max": -0.003974363207817078, "max_step": 57, "min": -0.3199271261692047, "min_step": 49, "num": 37}