{"max": 72.03513755201129, "max_step": 59, "min": 61.71248097799253, "min_step": 61, "num": 15}