{"max": 864.56640625, "max_step": 12, "min": 829.978515625, "min_step": 11, "num": 5}