{"max": 0.0013497400796040893, "max_step": 61, "min": -0.05107206478714943, "min_step": 43, "num": 51}