{"max": 0.55244446609177, "max_step": 47, "min": 0.3218308906456602, "min_step": 26, "num": 27}