{"max": 66.68471523496555, "max_step": 1, "min": 34.065655023034196, "min_step": 5, "num": 11}