{"max": 702.937989611004, "max_step": 15, "min": 528.4110323910136, "min_step": 23, "num": 17}