{"max": 0.6466371302376501, "max_step": 97, "min": -0.9797458669636399, "min_step": 80, "num": 108}