{"max": 26.254511501989327, "max_step": 1, "min": 19.436350551026408, "min_step": 10, "num": 11}