{"max": 0.05071151153222131, "max_step": 11, "min": 0.02201207269406021, "min_step": 27, "num": 17}