{"max": -0.05078125, "max_step": 51, "min": -0.283203125, "min_step": 65, "num": 15}