{"max": 23.933390213001985, "max_step": 14, "min": 20.734940371010453, "min_step": 13, "num": 5}