{"max": 2.4746010303497314, "max_step": 54, "min": 1.9978687763214111, "min_step": 46, "num": 37}