{"max": 39888.22918319702, "max_step": 21, "min": 29.366928100585938, "min_step": 57, "num": 37}