{"max": -0.3385530114173889, "max_step": 51, "min": -0.6532672643661499, "min_step": 26, "num": 27}