{"max": 0.5649192432433471, "max_step": 27, "min": 0.34638627475593176, "min_step": 56, "num": 37}