{"max": 3.9117003325372934e-05, "max_step": 16, "min": 4.340021405369043e-06, "min_step": 38, "num": 51}