{"max": 27.97463076101849, "max_step": 16, "min": 9.41128459997708, "min_step": 55, "num": 51}