{"max": 90.1640625, "max_step": 26, "min": 77.197265625, "min_step": 11, "num": 17}