{"max": 35.67308426997624, "max_step": 7, "min": 27.283204910025233, "min_step": 20, "num": 21}