{"max": 0.11630428884292754, "max_step": 26, "min": 0.0646610726644046, "min_step": 57, "num": 37}