{"max": 0.4106944501399994, "max_step": 52, "min": -0.05460000038146973, "min_step": 26, "num": 27}