{"max": 63.46952737803804, "max_step": 11, "min": 41.020412151003256, "min_step": 13, "num": 5}