{"max": 0.8983278222157616, "max_step": 88, "min": 0.8335682716126832, "min_step": 5, "num": 108}