{"max": 0.14747077614097434, "max_step": 3, "min": 0.13001466154779062, "min_step": 11, "num": 21}