{"max": 0.06466993333398041, "max_step": 26, "min": 0.020611272200899693, "min_step": 42, "num": 27}