{"max": 0.3921097370403834, "max_step": 4, "min": 0.3032221084895821, "min_step": 18, "num": 18}