{"max": 34.057838924985845, "max_step": 21, "min": 24.037611309991917, "min_step": 56, "num": 37}