{"max": 0.31186652183532715, "max_step": 42, "min": 0.1791534572839737, "min_step": 107, "num": 108}