{"max": 0.150390625, "max_step": 1, "min": 0.021484375, "min_step": 18, "num": 21}