{"max": 726.9243995810102, "max_step": 50, "min": 549.8597556049936, "min_step": 44, "num": 37}