{"max": 0.1493579873773983, "max_step": 11, "min": 0.09345121802256125, "min_step": 13, "num": 5}