{"max": 4.787603034435932e-05, "max_step": 38, "min": 1.8396898132865074e-05, "min_step": 33, "num": 27}