{"max": 0.05133986875109472, "max_step": 1, "min": 0.04626562497214737, "min_step": 3, "num": 11}