{"max": 0.059075331937773805, "max_step": 107, "min": 0.04828654996903365, "min_step": 14, "num": 108}