{"max": -0.002558526350185275, "max_step": 23, "min": -0.35588976740837097, "min_step": 11, "num": 17}