{"max": 63.34369134902954, "max_step": 8, "min": 57.34451675415039, "min_step": 1, "num": 18}