{"max": -0.17032064497470856, "max_step": 21, "min": -0.5871157050132751, "min_step": 3, "num": 21}