{"max": 0.13148063784349434, "max_step": 27, "min": 0.11552138202509495, "min_step": 24, "num": 17}