{"max": 2.2600082219578326, "max_step": 52, "min": 0.04524472213233821, "min_step": 21, "num": 37}