{"max": 29.117061497992836, "max_step": 1, "min": 9.422478410007898, "min_step": 3, "num": 11}