{"max": 52.09557342529297, "max_step": 56, "min": 23.831098556518555, "min_step": 52, "num": 15}