{"max": 2.40913724899292, "max_step": 17, "min": 2.024632453918457, "min_step": 20, "num": 17}