{"max": 0.24914169311523438, "max_step": 15, "min": 0.16530990600585938, "min_step": 1, "num": 21}