{"max": 2.2577994968742132e-05, "max_step": 21, "min": 4.0529994294047356e-06, "min_step": 22, "num": 37}