{"max": 5.4851274490356445, "max_step": 21, "min": 0.5207105875015259, "min_step": 53, "num": 51}