{"max": 1.4809018466621637e-05, "max_step": 3, "min": 3.8070138543844223e-06, "min_step": 5, "num": 11}