{"max": -2.028769016265869, "max_step": 12, "min": -2.43583083152771, "min_step": 20, "num": 21}