{"max": 0.44680428710937503, "max_step": 11, "min": 0.160729453125, "min_step": 2, "num": 18}