{"max": 0.49326691729947925, "max_step": 44, "min": 0.19430021673906595, "min_step": 26, "num": 27}