{"max": 0.09970374662985024, "max_step": 11, "min": 0.08121078996770194, "min_step": 2, "num": 18}