{"max": 0.07886687191785313, "max_step": 11, "min": -0.39634083557029953, "min_step": 13, "num": 5}