{"max": 0.2267913818359375, "max_step": 65, "min": 0.10790634155273438, "min_step": 51, "num": 15}