{"max": 27.48742319503799, "max_step": 11, "min": 10.52993262297241, "min_step": 12, "num": 5}