{"max": 62.92237854003906, "max_step": 1, "min": 28.651731491088867, "min_step": 18, "num": 18}