{"max": 0.18375869933515787, "max_step": 66, "min": 0.06400977450539358, "min_step": 17, "num": 51}