{"max": 0.996999979019165, "max_step": 94, "min": 0.6728464365005493, "min_step": 1, "num": 108}