{"max": 4.5195008707202375e-05, "max_step": 11, "min": 1.9248839999747226e-05, "min_step": 14, "num": 17}