{"max": 0.7706252601722986, "max_step": 11, "min": 0.6827530443131022, "min_step": 5, "num": 108}