{"max": 0.7307500243186951, "max_step": 14, "min": 0.6140000224113464, "min_step": 13, "num": 5}