{"max": 749.5703190969652, "max_step": 1, "min": 546.7105245230487, "min_step": 17, "num": 18}