{"max": 0.11038297938648611, "max_step": 18, "min": 0.0006976230520194804, "min_step": 1, "num": 18}