{"max": 62.74161672592163, "max_step": 53, "min": 59.84880065917969, "min_step": 51, "num": 15}