{"max": 47405.66851425171, "max_step": 35, "min": 2763.1361351013184, "min_step": 27, "num": 27}