{"max": 526.78515625, "max_step": 4, "min": 212.3046875, "min_step": 54, "num": 108}