{"max": 88.40234375, "max_step": 11, "min": 77.23046875, "min_step": 1, "num": 18}