{"max": 0.07353817385319382, "max_step": 3, "min": 0.040517302676773684, "min_step": 16, "num": 18}