{"max": 0.13748393332682102, "max_step": 11, "min": 0.08887662929266313, "min_step": 2, "num": 11}