{"max": 33.20703125, "max_step": 59, "min": 12.056640625, "min_step": 63, "num": 15}