{"max": 0.17678140959469602, "max_step": 15, "min": -0.39284155965469836, "min_step": 21, "num": 17}