{"max": 0.12000263113379478, "max_step": 34, "min": 0.07209363775253295, "min_step": 52, "num": 27}