{"max": 0.16700613640282386, "max_step": 1, "min": 0.0880948323942616, "min_step": 5, "num": 11}