{"max": 8.216968536376953, "max_step": 11, "min": 0.9863879680633545, "min_step": 3, "num": 21}