{"max": 0.6592737436294556, "max_step": 2, "min": 0.37712255120277405, "min_step": 11, "num": 11}