{"max": 1132.015625, "max_step": 16, "min": 812.09375, "min_step": 64, "num": 108}