{"max": 837.76953125, "max_step": 1, "min": 558.6796875, "min_step": 18, "num": 21}