{"max": 9.198816299438477, "max_step": 31, "min": 1.0231144428253174, "min_step": 45, "num": 27}