{"max": 0.05169677734375, "max_step": 10, "min": 0.0115814208984375, "min_step": 3, "num": 11}