{"max": 25.289812040980905, "max_step": 15, "min": 25.289812040980905, "min_step": 15, "num": 1}