{"max": 73.50724411010742, "max_step": 11, "min": 69.3687858581543, "min_step": 1, "num": 11}