{"max": 69.26524604400038, "max_step": 51, "min": 34.78133015599451, "min_step": 46, "num": 37}