{"max": 86.47280254799989, "max_step": 1, "min": 67.83503179898253, "min_step": 11, "num": 21}