{"max": 0.031038212461794272, "max_step": 1, "min": 0.011337375190160096, "min_step": 14, "num": 108}