{"max": 0.6823749546738889, "max_step": 27, "min": 0.46611885986119866, "min_step": 56, "num": 51}