{"max": 0.8480876088142395, "max_step": 18, "min": 0.5525708794593811, "min_step": 10, "num": 18}