{"max": 401.51953125, "max_step": 17, "min": 331.623046875, "min_step": 49, "num": 51}