{"max": -0.37915283203125, "max_step": 65, "min": -0.59850341796875, "min_step": 51, "num": 15}