{"max": 6.410572052001953, "max_step": 1, "min": 0.5845397114753723, "min_step": 69, "num": 108}