{"max": 168.35631964418627, "max_step": 29, "min": 114.1473525489179, "min_step": 26, "num": 27}