{"max": 0.031381540989968926, "max_step": 38, "min": 0.012506987026426941, "min_step": 27, "num": 27}