{"max": 2.7444970328360796e-05, "max_step": 11, "min": 4.901026841253042e-06, "min_step": 25, "num": 17}