{"max": 65.46484375, "max_step": 14, "min": 22.83984375, "min_step": 22, "num": 17}