{"max": 39358.28477478027, "max_step": 17, "min": 1613.2782554626465, "min_step": 50, "num": 51}