{"max": 0.09850379581187191, "max_step": 47, "min": 0.08273569718056958, "min_step": 41, "num": 27}