{"max": 0.13290694309007417, "max_step": 11, "min": 0.06790375378101111, "min_step": 13, "num": 17}