{"max": 526.921875, "max_step": 1, "min": 491.267578125, "min_step": 5, "num": 11}