{"max": 70.0078125, "max_step": 51, "min": 64.16015625, "min_step": 16, "num": 51}