{"max": 0.2412497810801142, "max_step": 15, "min": 0.0006976230520194804, "min_step": 1, "num": 21}