{"max": 88.09375, "max_step": 11, "min": 77.23046875, "min_step": 1, "num": 21}