{"max": 0.7107080078125, "max_step": 59, "min": 0.16684428710937502, "min_step": 64, "num": 15}