{"max": -0.10802978515625, "max_step": 64, "min": -0.5516845703125, "min_step": 21, "num": 51}