{"max": 145.78210952832114, "max_step": 23, "min": 116.77387769115084, "min_step": 11, "num": 17}