{"max": 197.30286665360163, "max_step": 28, "min": 128.633380939236, "min_step": 40, "num": 37}