{"max": 51.21725606918335, "max_step": 9, "min": 43.87945747375488, "min_step": 1, "num": 11}