{"max": 0.04403163448856603, "max_step": 51, "min": 0.021600120734485938, "min_step": 59, "num": 15}