{"max": -0.1315288096666336, "max_step": 4, "min": -0.2601968050003052, "min_step": 19, "num": 21}