{"max": -0.142578125, "max_step": 57, "min": -0.658203125, "min_step": 53, "num": 37}