{"max": 0.8079000115394592, "max_step": 10, "min": 0.40424999594688416, "min_step": 3, "num": 11}