{"max": 0.01725650578737259, "max_step": 54, "min": -0.06648529320955276, "min_step": 40, "num": 108}