{"max": 0.09544358765617739, "max_step": 63, "min": 0.08534914917159432, "min_step": 55, "num": 15}