{"max": 0.14784140852754996, "max_step": 27, "min": 0.11659875186036557, "min_step": 47, "num": 51}