{"max": 2.0209001377224922e-05, "max_step": 31, "min": 2.635002601891756e-06, "min_step": 46, "num": 37}