{"max": 0.21717585284781452, "max_step": 8, "min": 0.11116843156218528, "min_step": 18, "num": 18}