{"max": 239.47514285293377, "max_step": 18, "min": 150.21758148977975, "min_step": 62, "num": 51}