{"max": 3.2079912938418435e-05, "max_step": 18, "min": 1.2592847128108969e-05, "min_step": 1, "num": 21}