{"max": 2.5945017114281654e-05, "max_step": 1, "min": 3.9450242184102535e-06, "min_step": 7, "num": 11}