{"max": 1.9736005924642086e-05, "max_step": 42, "min": 2.3219618014991283e-06, "min_step": 12, "num": 108}