{"max": 139.673828125, "max_step": 14, "min": 80.689453125, "min_step": 20, "num": 21}