{"max": -0.126953125, "max_step": 18, "min": -0.421875, "min_step": 7, "num": 18}