{"max": 63.97502016299404, "max_step": 56, "min": 29.37995304504875, "min_step": 52, "num": 15}