{"max": 899.203125, "max_step": 52, "min": 332.52734375, "min_step": 57, "num": 37}