{"max": 0.9704999923706055, "max_step": 58, "min": 0.684499979019165, "min_step": 19, "num": 51}