{"max": 2.3846980184316635e-05, "max_step": 1, "min": 5.131005309522152e-06, "min_step": 7, "num": 21}