{"max": 2.0378658771514893, "max_step": 22, "min": 0.18973872065544128, "min_step": 57, "num": 37}