{"max": 2.4697115421295166, "max_step": 42, "min": 1.8104994297027588, "min_step": 56, "num": 51}