{"max": 0.1215752238988876, "max_step": 63, "min": 0.06683195733428002, "min_step": 52, "num": 15}