{"max": 0.10161300791566046, "max_step": 24, "min": 0.08930098156294142, "min_step": 27, "num": 17}