{"max": 2.340832233428955, "max_step": 11, "min": 2.0664594173431396, "min_step": 13, "num": 5}