{"max": 785.33203125, "max_step": 18, "min": 488.234375, "min_step": 77, "num": 108}