{"max": 0.1201406255115055, "max_step": 52, "min": 0.03951321278234808, "min_step": 27, "num": 27}