{"max": 0.24761581420898438, "max_step": 50, "min": 0.12224960327148438, "min_step": 57, "num": 37}