{"max": 2.474870443344116, "max_step": 1, "min": 1.954629898071289, "min_step": 6, "num": 18}