{"max": 2.4472012519836426, "max_step": 6, "min": 1.6507872343063354, "min_step": 84, "num": 108}