{"max": 3.118481397628784, "max_step": 2, "min": 0.7191523313522339, "min_step": 18, "num": 18}