{"max": -2.35062837600708, "max_step": 2, "min": -2.4399237632751465, "min_step": 9, "num": 11}