{"max": 2.939443826675415, "max_step": 4, "min": 1.612770915031433, "min_step": 18, "num": 21}