{"max": 44828.1224937439, "max_step": 12, "min": 16120.395351409912, "min_step": 13, "num": 5}