{"max": 25.794421260012314, "max_step": 80, "min": 24.159118525974918, "min_step": 100, "num": 10}