{"max": 62.73940989503171, "max_step": 11, "min": 16.37461334100226, "min_step": 24, "num": 17}