{"max": 3.485646631420344e-05, "max_step": 56, "min": 1.3321390338774893e-05, "min_step": 16, "num": 51}