{"max": 335.896484375, "max_step": 52, "min": 168.677734375, "min_step": 26, "num": 27}