{"max": 25.400938098027837, "max_step": 40, "min": 24.302760738006327, "min_step": 30, "num": 5}