{"max": -2.43377423286438, "max_step": 31, "min": -2.4730594158172607, "min_step": 46, "num": 27}