{"max": 0.243896484375, "max_step": 7, "min": 0.11083602905273438, "min_step": 18, "num": 18}