{"max": 214.2568663492778, "max_step": 10, "min": 162.52502588149005, "min_step": 6, "num": 11}