{"max": 30.147543943021446, "max_step": 15, "min": 24.969983007002156, "min_step": 17, "num": 17}