{"max": 4.0017999708652496e-05, "max_step": 11, "min": 7.519032806158066e-06, "min_step": 13, "num": 5}