{"max": 62.50400924682617, "max_step": 1, "min": 49.8132209777832, "min_step": 18, "num": 21}