{"max": 0.040116523212194444, "max_step": 14, "min": 0.026224844264984136, "min_step": 11, "num": 5}