{"max": 261.537109375, "max_step": 11, "min": 140.388671875, "min_step": 20, "num": 17}