{"max": 0.416186490952769, "max_step": 26, "min": 0.13722285080585778, "min_step": 45, "num": 27}