{"max": 24.35574735701084, "max_step": 21, "min": 17.64293070603162, "min_step": 53, "num": 51}