{"max": 0.15202279890131865, "max_step": 26, "min": 0.07999491945343876, "min_step": 27, "num": 51}