{"max": 0.14324270176061568, "max_step": 41, "min": 0.12084256925520159, "min_step": 47, "num": 27}