{"max": 29184.037380218506, "max_step": 14, "min": 75.554443359375, "min_step": 18, "num": 18}