{"max": 80.0369987487793, "max_step": 51, "min": 76.5266227722168, "min_step": 21, "num": 37}