{"max": 63.25775146484375, "max_step": 28, "min": 62.479491233825684, "min_step": 21, "num": 37}