{"max": 0.02244311402318999, "max_step": 54, "min": 0.012585421034600586, "min_step": 53, "num": 15}