{"max": 51.21860647201538, "max_step": 47, "min": 49.056800842285156, "min_step": 16, "num": 51}