{"max": 0.6029999852180481, "max_step": 20, "min": 0.17011110484600067, "min_step": 5, "num": 21}