{"max": 8.486745834350586, "max_step": 31, "min": 0.9455382227897644, "min_step": 33, "num": 37}