{"max": 2.2112681280281532e-05, "max_step": 11, "min": 1.4122326949175788e-05, "min_step": 14, "num": 5}