{"max": 0.0360418614161928, "max_step": 1, "min": 0.019413442996259297, "min_step": 2, "num": 18}