{"max": 900.62890625, "max_step": 17, "min": 584.623046875, "min_step": 53, "num": 51}