{"max": 0.32931970816571265, "max_step": 55, "min": -0.29837195260915905, "min_step": 58, "num": 15}