{"max": 92.41015625, "max_step": 51, "min": 80.7265625, "min_step": 21, "num": 37}