{"max": 22.311967849731445, "max_step": 49, "min": 0.4851440191268921, "min_step": 22, "num": 37}