{"max": 0.13792106548579297, "max_step": 5, "min": 0.111276018517617, "min_step": 107, "num": 108}