{"max": 56.233255808008835, "max_step": 31, "min": 25.426639524986967, "min_step": 53, "num": 51}