{"max": 131620.21434020996, "max_step": 7, "min": 8799.269649505615, "min_step": 18, "num": 18}