{"max": 0.1425668940229934, "max_step": 12, "min": 0.13097287192486595, "min_step": 11, "num": 5}