{"max": 0.11373519897460938, "max_step": 33, "min": 0.028438568115234375, "min_step": 29, "num": 27}