{"max": 0.8322724828604189, "max_step": 93, "min": 0.7581606579628928, "min_step": 5, "num": 108}