{"max": -0.001304464414715767, "max_step": 45, "min": -0.1886773705482483, "min_step": 36, "num": 27}