{"max": 86011.18221664429, "max_step": 11, "min": 971.1450042724609, "min_step": 23, "num": 17}