{"max": 31.36245695495745, "max_step": 57, "min": 22.332854609005153, "min_step": 64, "num": 15}