{"max": 0.6193360677198612, "max_step": 21, "min": 0.17378573534065206, "min_step": 24, "num": 17}