{"max": 0.20358558732226562, "max_step": 1, "min": 0.08454614394564369, "min_step": 80, "num": 108}