{"max": 0.01137104584533068, "max_step": 96, "min": 0.00421970682257169, "min_step": 105, "num": 108}