{"max": 1.7734724283218384, "max_step": 11, "min": 0.5533390045166016, "min_step": 24, "num": 17}