{"max": 0.493227978515625, "max_step": 21, "min": 0.156343408203125, "min_step": 13, "num": 17}