{"max": 0.02735214796848595, "max_step": 56, "min": 0.012219364987686276, "min_step": 58, "num": 51}