{"max": 0.5682500004768372, "max_step": 52, "min": 0.27549999952316284, "min_step": 64, "num": 15}