{"max": 2.4701104164123535, "max_step": 18, "min": 2.061716318130493, "min_step": 19, "num": 21}