{"max": -2.433607339859009, "max_step": 17, "min": -2.470830202102661, "min_step": 21, "num": 17}