{"max": 74.70347777497955, "max_step": 1, "min": 42.369817650993355, "min_step": 17, "num": 18}