{"max": 0.15336891141599163, "max_step": 50, "min": 0.12837356294581093, "min_step": 57, "num": 37}