{"max": 23743.640563964844, "max_step": 3, "min": 1502.4075775146484, "min_step": 102, "num": 108}