{"max": 0.8790039062500001, "max_step": 92, "min": 0.18641494140625, "min_step": 107, "num": 108}