{"max": 74.275390625, "max_step": 11, "min": 59.794921875, "min_step": 1, "num": 11}