{"max": -0.02734375, "max_step": 20, "min": -0.171875, "min_step": 11, "num": 17}