{"max": 0.13921343543717973, "max_step": 58, "min": 0.12409672517659226, "min_step": 63, "num": 15}