{"max": 5.480430603027344, "max_step": 11, "min": 0.6266650557518005, "min_step": 3, "num": 11}