{"max": 54.089412689208984, "max_step": 11, "min": 37.83294677734375, "min_step": 13, "num": 5}