{"max": -0.09375, "max_step": 26, "min": -0.201171875, "min_step": 49, "num": 27}