{"max": 0.2496185302734375, "max_step": 3, "min": 0.19039535522460938, "min_step": 18, "num": 21}