{"max": 521.4337926679873, "max_step": 1, "min": 398.4659961319994, "min_step": 2, "num": 18}