{"max": 654.0110381220002, "max_step": 47, "min": 492.53820526599884, "min_step": 65, "num": 51}