{"max": 76.029296875, "max_step": 21, "min": 59.73046875, "min_step": 1, "num": 108}