{"max": 32.933064731012564, "max_step": 51, "min": 15.810714118008036, "min_step": 55, "num": 15}