{"max": 531.7365526109934, "max_step": 6, "min": 398.5751442119945, "min_step": 10, "num": 11}