{"max": 0.16004676476633561, "max_step": 48, "min": 0.08208353322890341, "min_step": 64, "num": 51}