{"max": 0.4926192049156105, "max_step": 18, "min": 0.13838567850390718, "min_step": 2, "num": 18}