{"max": 25329.573669433594, "max_step": 7, "min": 14663.293636322021, "min_step": 5, "num": 11}