{"max": 0.01502150256155395, "max_step": 96, "min": 0.007710710648971834, "min_step": 105, "num": 108}