{"max": 0.02808964700670913, "max_step": 11, "min": 0.012799946998711675, "min_step": 16, "num": 17}