{"max": 0.10965887136196135, "max_step": 65, "min": 0.013969189453125003, "min_step": 58, "num": 15}