{"max": 2.245759870546984e-05, "max_step": 4, "min": 1.5148027925469262e-05, "min_step": 1, "num": 11}