{"max": 4.548537254333496, "max_step": 33, "min": 1.0524219274520874, "min_step": 29, "num": 27}