{"max": 0.03315936588986535, "max_step": 11, "min": 0.011126184870164528, "min_step": 12, "num": 5}