{"max": 0.0009563590283505619, "max_step": 59, "min": 2.1309824660420418e-06, "min_step": 63, "num": 15}