{"max": 361.759765625, "max_step": 48, "min": 201.42578125, "min_step": 26, "num": 27}