{"max": 81.23227756199776, "max_step": 52, "min": 62.095522236981196, "min_step": 44, "num": 37}