{"max": 52.753196716308594, "max_step": 16, "min": 12.889513969421387, "min_step": 24, "num": 17}