{"max": 2.8286776542663574, "max_step": 27, "min": 0.5966600179672241, "min_step": 15, "num": 17}