{"max": 0.1398901123046875, "max_step": 57, "min": 0.04408883551955223, "min_step": 51, "num": 37}