{"max": 1.4265009667724371e-05, "max_step": 17, "min": 2.629996743053198e-06, "min_step": 16, "num": 18}