{"max": 0.715759163023904, "max_step": 44, "min": 0.01279226498445496, "min_step": 48, "num": 37}