{"max": 37.28090852795867, "max_step": 1, "min": 14.709103942033835, "min_step": 17, "num": 18}