{"max": 76.11669158935547, "max_step": 16, "min": 73.13772201538086, "min_step": 1, "num": 18}