{"max": 1.5005003660917282e-05, "max_step": 25, "min": 2.4189939722418785e-06, "min_step": 63, "num": 51}