{"max": 0.2292352725405664, "max_step": 11, "min": 0.1467069369937182, "min_step": 3, "num": 21}