{"max": -2.083655595779419, "max_step": 24, "min": -2.4732353687286377, "min_step": 20, "num": 51}