{"max": 522.5576340400148, "max_step": 47, "min": 391.2087717349641, "min_step": 19, "num": 51}