{"max": 35.85931570499088, "max_step": 21, "min": 15.017646088992478, "min_step": 44, "num": 37}