{"max": 518.029296875, "max_step": 17, "min": 212.654296875, "min_step": 65, "num": 51}