{"max": 0.29937213778612204, "max_step": 38, "min": -0.49544235566281714, "min_step": 24, "num": 51}