{"max": 0.030243605561555205, "max_step": 1, "min": 0.01076088500417177, "min_step": 3, "num": 11}