{"max": 513.6535251730238, "max_step": 48, "min": 367.3112851130427, "min_step": 29, "num": 27}