{"max": 0.11941334689981886, "max_step": 10, "min": -0.5315538011491299, "min_step": 1, "num": 11}