{"max": 74.39817810058594, "max_step": 61, "min": 70.4707260131836, "min_step": 16, "num": 51}