{"max": 2.352717161178589, "max_step": 4, "min": 1.8588550090789795, "min_step": 7, "num": 11}