{"max": 8.831671714782715, "max_step": 56, "min": 1.0152653455734253, "min_step": 59, "num": 15}