{"max": 8.23432731628418, "max_step": 11, "min": 0.9793443083763123, "min_step": 14, "num": 18}