{"max": 8.294156074523926, "max_step": 15, "min": 0.42672187089920044, "min_step": 1, "num": 21}