{"max": 85.68365673802327, "max_step": 1, "min": 57.901789415976964, "min_step": 16, "num": 18}