{"max": 37.19096900898148, "max_step": 1, "min": 16.451032904005842, "min_step": 11, "num": 21}