{"max": 5.725014489144087e-06, "max_step": 14, "min": 4.592991899698973e-06, "min_step": 13, "num": 5}