{"max": 0.03221816782024689, "max_step": 11, "min": 0.0013639904655065038, "min_step": 2, "num": 11}