{"max": 38977.27920150757, "max_step": 57, "min": 4004.3826866149902, "min_step": 51, "num": 15}