{"max": 376.990234375, "max_step": 57, "min": 242.25390625, "min_step": 65, "num": 15}