{"max": 0.14190543957068444, "max_step": 14, "min": 0.07000396417232514, "min_step": 10, "num": 18}