{"max": 0.09559233486652374, "max_step": 14, "min": -0.09550334513187408, "min_step": 11, "num": 5}