{"max": -0.072265625, "max_step": 24, "min": -0.34765625, "min_step": 11, "num": 17}