{"max": 0.24999618530273438, "max_step": 53, "min": 0.18047714233398438, "min_step": 37, "num": 37}