{"max": -1.563619613647461, "max_step": 1, "min": -2.4690887928009033, "min_step": 12, "num": 18}