{"max": 178.74163993057928, "max_step": 59, "min": 124.35657374004305, "min_step": 62, "num": 15}