{"max": 36.001953125, "max_step": 47, "min": 12.53515625, "min_step": 50, "num": 27}