{"max": 0.011590145528316498, "max_step": 2, "min": -0.013525256887078285, "min_step": 11, "num": 11}