{"max": -2.007319688796997, "max_step": 39, "min": -2.4674935340881348, "min_step": 95, "num": 108}