{"max": 0.6984732421875, "max_step": 43, "min": 0.145006728515625, "min_step": 55, "num": 37}