{"max": 50.45501949696336, "max_step": 3, "min": 37.99926132999826, "min_step": 64, "num": 108}