{"max": 62.42349624633789, "max_step": 21, "min": 57.34451675415039, "min_step": 1, "num": 21}