{"max": 2.4748666286468506, "max_step": 65, "min": 1.7758970260620117, "min_step": 62, "num": 15}