{"max": 58.8794359099702, "max_step": 51, "min": 22.175899421039503, "min_step": 29, "num": 27}