{"max": 0.14171987725066187, "max_step": 1, "min": 0.04470353963375091, "min_step": 18, "num": 21}