{"max": 0.6102752909884152, "max_step": 14, "min": 0.502653063333339, "min_step": 11, "num": 5}