{"max": 0.6937353515625, "max_step": 21, "min": 0.14117046289062501, "min_step": 9, "num": 21}