{"max": 82.16463851928711, "max_step": 21, "min": 79.72668838500977, "min_step": 11, "num": 17}