{"max": 68.15152569697239, "max_step": 47, "min": 58.55393787298817, "min_step": 27, "num": 27}