{"max": -0.7458800077438354, "max_step": 14, "min": -1.366848349571228, "min_step": 2, "num": 18}