{"max": -0.07201322168111801, "max_step": 18, "min": -0.5338154435157776, "min_step": 5, "num": 18}