{"max": 60.70578315894818, "max_step": 25, "min": 45.44525447295746, "min_step": 20, "num": 3}