{"max": -2.4509687423706055, "max_step": 61, "min": -2.4722020626068115, "min_step": 57, "num": 15}