{"max": 520.24609375, "max_step": 20, "min": 232.484375, "min_step": 1, "num": 21}