{"max": 342.845703125, "max_step": 11, "min": 174.54296875, "min_step": 20, "num": 17}