{"max": 63.334275245666504, "max_step": 14, "min": 59.84880065917969, "min_step": 11, "num": 17}