{"max": 0.142333984375, "max_step": 11, "min": 0.0265960693359375, "min_step": 20, "num": 17}