{"max": 0.4440482854528147, "max_step": 27, "min": 0.3100110190579198, "min_step": 22, "num": 17}