{"max": 662.0011705280049, "max_step": 11, "min": 536.2666024259524, "min_step": 14, "num": 5}