{"max": 198.56944605565394, "max_step": 3, "min": 132.107539129258, "min_step": 11, "num": 21}