{"max": 1231.828125, "max_step": 59, "min": 945.921875, "min_step": 62, "num": 15}