{"max": 25.497107203991618, "max_step": 10, "min": 24.55817739199847, "min_step": 5, "num": 2}