{"max": 0.25600001215934753, "max_step": 2, "min": -0.14824999868869781, "min_step": 17, "num": 18}