{"max": 0.09249495405064108, "max_step": 57, "min": 0.07875451371322612, "min_step": 50, "num": 37}