{"max": 31.518269359017722, "max_step": 11, "min": 14.094281591009349, "min_step": 20, "num": 17}