{"max": 0.3836686313152313, "max_step": 11, "min": 0.35497596859931946, "min_step": 14, "num": 5}