{"max": 0.1322637341181327, "max_step": 52, "min": 0.04487157359218598, "min_step": 29, "num": 37}