{"max": 0.2306947923352709, "max_step": 1, "min": -0.24549402650882257, "min_step": 9, "num": 21}