{"max": 88.076171875, "max_step": 56, "min": 77.34765625, "min_step": 51, "num": 15}