{"max": 0.31319981813430786, "max_step": 28, "min": 0.2453201413154602, "min_step": 64, "num": 51}