{"max": -0.01171875, "max_step": 3, "min": -0.0546875, "min_step": 10, "num": 11}