{"max": 0.0009605971167342451, "max_step": 44, "min": 1.3558893763518622e-05, "min_step": 21, "num": 37}