{"max": 77.32770538330078, "max_step": 11, "min": 72.10055160522461, "min_step": 1, "num": 21}