{"max": 0.6296786069869995, "max_step": 61, "min": 0.3413071632385254, "min_step": 17, "num": 51}