{"max": 221.41692324578426, "max_step": 16, "min": 137.03235214644707, "min_step": 101, "num": 108}