{"max": 0.5798025131225586, "max_step": 93, "min": 0.37323853373527527, "min_step": 12, "num": 108}