{"max": 36521.522201538086, "max_step": 14, "min": 19.51409912109375, "min_step": 27, "num": 17}