{"max": 0.044677734375, "max_step": 15, "min": 0.02288818359375, "min_step": 11, "num": 5}