{"max": 0.028249443013919517, "max_step": 18, "min": 0.012344724003924057, "min_step": 13, "num": 21}