{"max": 829.001953125, "max_step": 11, "min": 755.259765625, "min_step": 5, "num": 11}