{"max": 661.8080779659795, "max_step": 6, "min": 539.7785003140452, "min_step": 10, "num": 11}