{"max": -0.012612950056791306, "max_step": 11, "min": -0.023629644885659218, "min_step": 15, "num": 5}