{"max": 9694.826522827148, "max_step": 9, "min": 1558.1761741638184, "min_step": 2, "num": 11}