{"max": 705.1184190789936, "max_step": 1, "min": 501.2912966469885, "min_step": 88, "num": 108}