{"max": 3.3048971090465784e-05, "max_step": 1, "min": 4.292989615350962e-06, "min_step": 60, "num": 108}