{"max": -0.60104833984375, "max_step": 11, "min": -0.8561279296875, "min_step": 20, "num": 17}