{"max": -0.26859179687499996, "max_step": 16, "min": -0.39709619140625, "min_step": 5, "num": 21}