{"max": 52.35987854003906, "max_step": 26, "min": 23.390432357788086, "min_step": 53, "num": 51}