{"max": 521.322951715003, "max_step": 31, "min": 398.01153319401783, "min_step": 44, "num": 37}