{"max": 0.7510068359375, "max_step": 7, "min": 0.192291015625, "min_step": 6, "num": 11}