{"max": 0.6545000076293945, "max_step": 31, "min": 0.10899285972118378, "min_step": 57, "num": 37}