{"max": 0.0359549110760104, "max_step": 1, "min": 0.01969232098454293, "min_step": 3, "num": 21}