{"max": 721.3809852050035, "max_step": 10, "min": 576.0207689149829, "min_step": 3, "num": 21}