{"max": 8.306486129760742, "max_step": 21, "min": 0.9732186198234558, "min_step": 20, "num": 17}