{"max": 526.419921875, "max_step": 12, "min": 493.1171875, "min_step": 15, "num": 5}