{"max": 0.8418798828125, "max_step": 14, "min": 0.20748515625000002, "min_step": 11, "num": 5}