{"max": 708.1074885100243, "max_step": 30, "min": 498.0790158470045, "min_step": 29, "num": 27}