{"max": 0.05897840275429189, "max_step": 15, "min": 0.0350430447870167, "min_step": 11, "num": 5}