{"max": 71.88424301147461, "max_step": 15, "min": 71.02812194824219, "min_step": 11, "num": 5}