{"max": 2.173002576455474e-05, "max_step": 40, "min": 2.7619535103440285e-06, "min_step": 41, "num": 27}