{"max": 60.801263775036205, "max_step": 30, "min": 45.091130709974095, "min_step": 50, "num": 5}