{"max": 2.7169594134561916e-05, "max_step": 13, "min": 1.3468142174411547e-05, "min_step": 1, "num": 18}