{"max": 39.13216467999155, "max_step": 26, "min": 15.095206697005779, "min_step": 27, "num": 27}