{"max": 0.01874895900255069, "max_step": 14, "min": 0.01246764394454658, "min_step": 9, "num": 18}