{"max": 0.5323218537120619, "max_step": 8, "min": 0.4378575573711087, "min_step": 1, "num": 11}