{"max": -0.07597963511943817, "max_step": 27, "min": -0.5983843803405762, "min_step": 56, "num": 37}