{"max": -2.0458195209503174, "max_step": 57, "min": -2.4426393508911133, "min_step": 40, "num": 37}