{"max": 0.7439912557601929, "max_step": 99, "min": 0.2503775954246521, "min_step": 12, "num": 108}