{"max": -0.123046875, "max_step": 51, "min": -0.34765625, "min_step": 65, "num": 15}