{"max": 0.05048964900498102, "max_step": 11, "min": 0.046891266286238596, "min_step": 12, "num": 5}