{"max": 0.03752269685664599, "max_step": 21, "min": 0.018630672822275506, "min_step": 42, "num": 37}