{"max": 3.0731993705457445e-05, "max_step": 54, "min": 1.625093304678633e-05, "min_step": 58, "num": 15}