{"max": 0.7279892578125, "max_step": 52, "min": 0.1422426171875, "min_step": 31, "num": 27}