{"max": 513.5565604260191, "max_step": 56, "min": 396.404520738055, "min_step": 65, "num": 15}