{"max": 49.66731262207031, "max_step": 15, "min": 47.60051488876343, "min_step": 11, "num": 5}