{"max": 41710.7441368103, "max_step": 47, "min": 3.8268890380859375, "min_step": 50, "num": 27}