{"max": 32.4619335620082, "max_step": 4, "min": 24.55625380401034, "min_step": 18, "num": 18}