{"max": 663.978515625, "max_step": 49, "min": 217.0703125, "min_step": 57, "num": 37}