{"max": 11.305667877197266, "max_step": 65, "min": 1.8259501457214355, "min_step": 51, "num": 15}