{"max": 0.3875510694924742, "max_step": 37, "min": -0.249379256987595, "min_step": 28, "num": 27}