{"max": -0.04244016483426094, "max_step": 7, "min": -0.26174038648605347, "min_step": 3, "num": 11}