{"max": -0.236328125, "max_step": 37, "min": -0.671875, "min_step": 55, "num": 37}