{"max": 51.25752067565918, "max_step": 24, "min": 43.92010688781738, "min_step": 1, "num": 108}