{"max": 5.140212535858154, "max_step": 11, "min": 0.5697586536407471, "min_step": 14, "num": 5}