{"max": 710.048299157992, "max_step": 55, "min": 563.0965548590175, "min_step": 61, "num": 15}