{"max": -0.05240108082472647, "max_step": 107, "min": -0.39565619519372575, "min_step": 15, "num": 108}