{"max": 0.16070175170898438, "max_step": 49, "min": 0.0849609375, "min_step": 26, "num": 27}