{"max": 204.82427283261038, "max_step": 2, "min": 114.76285935967003, "min_step": 11, "num": 18}