{"max": 0.19294443726539612, "max_step": 27, "min": -0.1535000056028366, "min_step": 20, "num": 17}