{"max": -0.0234375, "max_step": 11, "min": -0.046875, "min_step": 15, "num": 5}