{"max": 45160.524532318115, "max_step": 17, "min": 1036.7808799743652, "min_step": 65, "num": 51}