{"max": 0.2796574831008911, "max_step": 7, "min": 0.24224424362182617, "min_step": 4, "num": 11}