{"max": 0.033514154121845066, "max_step": 39, "min": 0.0069894754543942126, "min_step": 107, "num": 108}