{"max": 67.064453125, "max_step": 14, "min": 61.533203125, "min_step": 11, "num": 5}