{"max": -0.4737841796875, "max_step": 10, "min": -0.6421533203124999, "min_step": 2, "num": 11}