{"max": 0.03831677434444428, "max_step": 1, "min": 0.025959040427207945, "min_step": 11, "num": 11}