{"max": 0.16154560457159994, "max_step": 80, "min": 0.0016060469627380372, "min_step": 69, "num": 108}