{"max": -2.377281427383423, "max_step": 13, "min": -2.465276002883911, "min_step": 15, "num": 5}