{"max": 48.001019083021674, "max_step": 14, "min": 41.853344053030014, "min_step": 11, "num": 5}