{"max": 61.66161346435547, "max_step": 21, "min": 27.93846321105957, "min_step": 57, "num": 37}