{"max": 0.09188355335157929, "max_step": 15, "min": 0.08135789425611706, "min_step": 3, "num": 21}