{"max": 2.398798824287951e-05, "max_step": 18, "min": 2.6659981813281775e-06, "min_step": 13, "num": 21}