{"max": 520.7046132569958, "max_step": 11, "min": 394.8408148709859, "min_step": 3, "num": 21}