{"max": 0.5363233089447021, "max_step": 66, "min": -0.0049260943196713924, "min_step": 22, "num": 51}