{"max": 51.763824462890625, "max_step": 36, "min": 18.697830200195312, "min_step": 29, "num": 27}