{"max": 0.8166671330109239, "max_step": 63, "min": 0.42243733373470604, "min_step": 51, "num": 15}