{"max": 292.021484375, "max_step": 16, "min": 235.443359375, "min_step": 2, "num": 108}