{"max": 3.447599010542035e-05, "max_step": 51, "min": 4.860979970544577e-06, "min_step": 58, "num": 15}