{"max": 97.115234375, "max_step": 1, "min": 25.734375, "min_step": 18, "num": 18}