{"max": 45.196918102999916, "max_step": 40, "min": 44.08147889500833, "min_step": 50, "num": 3}