{"max": 0.1437349822862244, "max_step": 1, "min": 0.07531798383998871, "min_step": 7, "num": 11}