{"max": 371210.64211654663, "max_step": 49, "min": 3243.7958374023438, "min_step": 57, "num": 37}