{"max": 0.3283279026691885, "max_step": 56, "min": 0.15991526896642075, "min_step": 52, "num": 15}