{"max": 0.2267913818359375, "max_step": 11, "min": 0.06704330444335938, "min_step": 24, "num": 17}