{"max": 45.37959463603329, "max_step": 10, "min": 45.37959463603329, "min_step": 10, "num": 1}