{"max": 0.29893070459365845, "max_step": 14, "min": 0.2590430974960327, "min_step": 11, "num": 5}