{"max": 0.14745152608252526, "max_step": 44, "min": 0.0016257320404052733, "min_step": 18, "num": 51}