{"max": 0.11178782967146875, "max_step": 33, "min": 0.014128898810386658, "min_step": 52, "num": 27}