{"max": 0.14373876848657158, "max_step": 10, "min": 0.13126717028521448, "min_step": 1, "num": 11}