{"max": -0.48898193359375, "max_step": 15, "min": -0.51771728515625, "min_step": 13, "num": 5}