{"max": 0.14843598125597976, "max_step": 2, "min": 0.11760382533047994, "min_step": 11, "num": 18}