{"max": 0.20299911499023438, "max_step": 65, "min": 0.0482025146484375, "min_step": 51, "num": 15}