{"max": 0.018330285034608096, "max_step": 11, "min": 0.013736971013713628, "min_step": 14, "num": 5}