{"max": 0.10080979307662011, "max_step": 12, "min": 0.0018290466070175172, "min_step": 14, "num": 5}