{"max": 185958.9086303711, "max_step": 19, "min": 28531.222412109375, "min_step": 1, "num": 21}