{"max": -0.30372631549835205, "max_step": 51, "min": -0.8857712745666504, "min_step": 65, "num": 15}