{"max": 0.12653907518316215, "max_step": 54, "min": 0.08822660414024906, "min_step": 58, "num": 15}