{"max": 28.477746162971016, "max_step": 1, "min": 9.088251886016224, "min_step": 64, "num": 108}