{"max": 0.0571810928909927, "max_step": 47, "min": 0.04501040962357426, "min_step": 27, "num": 51}