{"max": 2.9752030968666077e-05, "max_step": 1, "min": 4.390953108668327e-06, "min_step": 16, "num": 18}