{"max": -0.5331358909606934, "max_step": 27, "min": -0.9190513491630554, "min_step": 11, "num": 17}