{"max": 363.83203125, "max_step": 15, "min": 316.482421875, "min_step": 11, "num": 5}