{"max": 3.098614964348248e-05, "max_step": 93, "min": 1.429240314870401e-05, "min_step": 85, "num": 108}