{"max": 507.9242332210415, "max_step": 11, "min": 397.93781283299904, "min_step": 15, "num": 5}