{"max": 2.0942999981343746e-05, "max_step": 12, "min": 2.6170164346694946e-06, "min_step": 27, "num": 17}