{"max": 81.1347427368164, "max_step": 56, "min": 79.48650360107422, "min_step": 51, "num": 15}