{"max": 329.06640625, "max_step": 7, "min": 145.220703125, "min_step": 18, "num": 18}