{"max": 837.76953125, "max_step": 1, "min": 180.4765625, "min_step": 18, "num": 18}