{"max": 0.10633739992772462, "max_step": 8, "min": -0.12396928016096354, "min_step": 2, "num": 18}