{"max": 0.030008164002834577, "max_step": 16, "min": 0.010743588705873207, "min_step": 27, "num": 51}