{"max": 318.193359375, "max_step": 10, "min": 246.115234375, "min_step": 2, "num": 11}