{"max": 37223.13531112671, "max_step": 3, "min": 608.0522308349609, "min_step": 107, "num": 108}