{"max": 99.99208450317383, "max_step": 91, "min": 69.2577018737793, "min_step": 1, "num": 108}