{"max": 0.6392813324928284, "max_step": 28, "min": 0.3304203450679779, "min_step": 51, "num": 27}