{"max": -0.0390625, "max_step": 18, "min": -0.564453125, "min_step": 1, "num": 18}