{"max": 0.1052261971635744, "max_step": 98, "min": 0.001278897484553454, "min_step": 2, "num": 108}