{"max": 0.008580364286899567, "max_step": 51, "min": -0.10485325753688812, "min_step": 57, "num": 15}