{"max": 0.8487304687500001, "max_step": 18, "min": 0.33564912109375, "min_step": 45, "num": 51}