{"max": 80.87324142456055, "max_step": 41, "min": 77.01482009887695, "min_step": 26, "num": 27}