{"max": 0.019207287987228483, "max_step": 4, "min": 0.012915586994495243, "min_step": 5, "num": 11}