{"max": -0.102294921875, "max_step": 54, "min": -0.35319091796875, "min_step": 37, "num": 37}