{"max": 0.24953842163085938, "max_step": 3, "min": 0.03753662109375, "min_step": 18, "num": 18}