{"max": 563.4000275239814, "max_step": 14, "min": 406.99889952898957, "min_step": 92, "num": 108}