{"max": 0.09545662392292817, "max_step": 20, "min": 0.06210539219876801, "min_step": 2, "num": 21}