{"max": 0.2136637282540798, "max_step": 11, "min": 0.06694301602840423, "min_step": 24, "num": 17}