{"max": 0.02509472396923229, "max_step": 24, "min": 0.011818023980595171, "min_step": 83, "num": 108}