{"max": 2.6076973881572485e-05, "max_step": 26, "min": 3.904977347701788e-06, "min_step": 31, "num": 27}