{"max": -0.208984375, "max_step": 1, "min": -0.470703125, "min_step": 15, "num": 21}