{"max": 0.5691223885103004, "max_step": 58, "min": 0.42939711174824324, "min_step": 56, "num": 15}