{"max": 0.07080619368819521, "max_step": 26, "min": 0.038706641971161374, "min_step": 27, "num": 17}