{"max": 498.79891742003383, "max_step": 27, "min": 385.46036759001436, "min_step": 23, "num": 17}