{"max": 47.9117635510047, "max_step": 60, "min": 46.16519434301881, "min_step": 65, "num": 3}