{"max": 2.4748690128326416, "max_step": 43, "min": 1.8748714923858643, "min_step": 39, "num": 27}