{"max": -0.2968359375, "max_step": 2, "min": -0.83576416015625, "min_step": 18, "num": 18}