{"max": 15901.476669311523, "max_step": 59, "min": 1.0087738037109375, "min_step": 55, "num": 15}