{"max": 226.73260734484953, "max_step": 14, "min": 156.52332595931048, "min_step": 11, "num": 5}