{"max": 0.05068912834525109, "max_step": 29, "min": 0.017956624862670897, "min_step": 53, "num": 51}