{"max": 411.56640625, "max_step": 57, "min": 311.30078125, "min_step": 64, "num": 15}