{"max": 88.720703125, "max_step": 31, "min": 77.240234375, "min_step": 26, "num": 27}