{"max": 26112.098251342773, "max_step": 12, "min": 3378.5192222595215, "min_step": 11, "num": 5}