{"max": 29.638581032981165, "max_step": 26, "min": 23.45010341203306, "min_step": 27, "num": 27}