{"max": 59.15938949584961, "max_step": 1, "min": 31.79119110107422, "min_step": 5, "num": 11}