{"max": -0.5597167968749999, "max_step": 49, "min": -0.7789111328125, "min_step": 26, "num": 27}