{"max": 105.232421875, "max_step": 21, "min": 24.41015625, "min_step": 57, "num": 37}