{"max": 79.50627941696439, "max_step": 1, "min": 21.713056141976267, "min_step": 80, "num": 108}